average_latency_seconds,avg_answer_correctness,avg_answer_relevancy,avg_answer_similarity,avg_context_precision,avg_context_recall,avg_empty_retrieval,avg_entity_recall,avg_exact_match,avg_faithfulness,avg_graph_average_depth_hops,avg_graph_coverage,avg_graph_edges_traversed,avg_graph_nodes_retrieved,avg_judge_correctness,avg_latency_seconds,avg_mrr,avg_ndcg_at_k,avg_precision_at_k,avg_ragas_score,avg_recall_at_k,avg_retrieved_chunks_count,avg_semantic_similarity,avg_token_f1,avg_total_tokens,failed_query_count,median_latency_seconds,row_count,system_type,total_evaluation_time_seconds
3.2628549999999983,0.4336958383877701,0.674194017240882,0.6694696127813673,0.635013888855229,0.8366666666666667,0.0,,0.0,0.8425965903377665,,,23.51,11.05,,3.2628549999999983,0.9333333333333332,1.681641720298709,0.5820000000000002,0.6819394357116139,0.9466666666666668,39.57,0.07597028189425271,0.1062751071753477,174.46,0,3.2594,100,graph,0.0298
3.155154,0.4730809942585746,0.668479207428615,0.6686322009184558,0.6482083332985532,0.8033333333333332,0.0,,0.0,0.8395746867399508,,,23.8,11.03,,3.155154,0.9358333333333333,1.6714208822039416,0.5719999999999998,0.6835514593295805,0.9433333333333335,39.84,0.07405653158890747,0.10548937741897736,171.23,0,3.13895,100,mixed,0.0298
0.6149750000000002,0.47212579082654843,0.6744936234097585,0.667149235117856,0.6687638888514208,0.8366666666666667,0.0,,0.0,0.871986993269888,,,0.0,0.0,,0.6149750000000002,0.9458333333333333,1.7754343928790102,0.632,0.6985310330236898,0.95,5.0,0.07805968069653195,0.11126124614368445,156.76,0,0.59665,100,naive,0.0298
